{"cameraMode":{"drawMode":0,"name":"Shaded","section":"Shading Mode"},"sceneLighting":false,"audioPlay":false,"sceneViewState":{"m_AlwaysRefresh":false,"showFog":true,"showSkybox":false,"showFlares":true,"showImageEffects":true,"showParticleSystems":true,"showVisualEffectGraphs":true,"m_FxEnabled":true},"in2DMode":false,"pivot":{"x":-1.4399869441986085,"y":-0.002290755044668913,"z":0.009650182910263539},"rotation":{"x":0.6627050638198853,"y":-0.07041490823030472,"z":0.06281272321939469,"w":0.7429121732711792},"size":0.012507013976573944,"orthographic":false}