{"cameraMode":{"drawMode":0,"name":"Shaded","section":"Shading Mode"},"sceneLighting":false,"audioPlay":false,"sceneViewState":{"m_AlwaysRefresh":false,"showFog":true,"showSkybox":false,"showFlares":true,"showImageEffects":true,"showParticleSystems":true,"showVisualEffectGraphs":true,"m_FxEnabled":true},"in2DMode":false,"pivot":{"x":-1.4360826015472413,"y":-0.0031437184661626817,"z":0.00742808822542429},"rotation":{"x":0.631519615650177,"y":-0.07981949299573899,"z":0.06559734791517258,"w":0.7684507369995117},"size":0.012507013976573944,"orthographic":false}