{"cameraMode":{"drawMode":0,"name":"Shaded","section":"Shading Mode"},"sceneLighting":false,"audioPlay":false,"sceneViewState":{"m_AlwaysRefresh":false,"showFog":true,"showSkybox":false,"showFlares":true,"showImageEffects":true,"showParticleSystems":true,"showVisualEffectGraphs":true,"m_FxEnabled":true},"in2DMode":false,"pivot":{"x":0.05168367549777031,"y":-0.000017156358808279037,"z":0.00794176384806633},"rotation":{"x":0.5102133750915527,"y":-0.048968102782964709,"z":0.02911370061337948,"w":0.8581588864326477},"size":0.010025055147707463,"orthographic":false}