{"cameraMode":{"drawMode":0,"name":"Shaded","section":"Shading Mode"},"sceneLighting":false,"audioPlay":false,"sceneViewState":{"m_AlwaysRefresh":false,"showFog":true,"showSkybox":false,"showFlares":true,"showImageEffects":true,"showParticleSystems":true,"showVisualEffectGraphs":true,"m_FxEnabled":true},"in2DMode":false,"pivot":{"x":-1.0270335674285889,"y":-0.002290755044668913,"z":0.009650182910263539},"rotation":{"x":0.06363833695650101,"y":-0.5152780413627625,"z":0.038406599313020709,"w":0.8537945747375488},"size":0.012507013976573944,"orthographic":false}